id,path,source_folder,text_len_chars,text_len_tokens,npy_path,embedding_dim,embedding_dtype
651e4d9be84a30cdf982d030_20220702.json,/content/drive/MyDrive/TL_서울_기타_small/651e4d9be84a30cdf982d030_20220702.json,TL_서울_기타_small,174,65,/content/output/smalldata/TL_서울_기타_small/651e4d9be84a30cdf982d030_20220702.npy,768,float32
651e4d9be84a30cdf982d118_20220702.json,/content/drive/MyDrive/TL_서울_기타_small/651e4d9be84a30cdf982d118_20220702.json,TL_서울_기타_small,145,61,/content/output/smalldata/TL_서울_기타_small/651e4d9be84a30cdf982d118_20220702.npy,768,float32
651e4d9be84a30cdf982d14d_20220702.json,/content/drive/MyDrive/TL_서울_기타_small/651e4d9be84a30cdf982d14d_20220702.json,TL_서울_기타_small,381,128,/content/output/smalldata/TL_서울_기타_small/651e4d9be84a30cdf982d14d_20220702.npy,768,float32
651e4d9be84a30cdf982d2a5_20220702.json,/content/drive/MyDrive/TL_서울_기타_small/651e4d9be84a30cdf982d2a5_20220702.json,TL_서울_기타_small,526,128,/content/output/smalldata/TL_서울_기타_small/651e4d9be84a30cdf982d2a5_20220702.npy,768,float32
651e4d9be84a30cdf982d583_20220702.json,/content/drive/MyDrive/TL_서울_기타_small/651e4d9be84a30cdf982d583_20220702.json,TL_서울_기타_small,446,128,/content/output/smalldata/TL_서울_기타_small/651e4d9be84a30cdf982d583_20220702.npy,768,float32
651e4dfb2795332cde28ee69_20220703.json,/content/drive/MyDrive/TL_서울_기타_small/651e4dfb2795332cde28ee69_20220703.json,TL_서울_기타_small,636,128,/content/output/smalldata/TL_서울_기타_small/651e4dfb2795332cde28ee69_20220703.npy,768,float32
651e4dfb2795332cde28efc8_20220703.json,/content/drive/MyDrive/TL_서울_기타_small/651e4dfb2795332cde28efc8_20220703.json,TL_서울_기타_small,300,112,/content/output/smalldata/TL_서울_기타_small/651e4dfb2795332cde28efc8_20220703.npy,768,float32
651e4dfb2795332cde28f096_20220703.json,/content/drive/MyDrive/TL_서울_기타_small/651e4dfb2795332cde28f096_20220703.json,TL_서울_기타_small,877,128,/content/output/smalldata/TL_서울_기타_small/651e4dfb2795332cde28f096_20220703.npy,768,float32
651e4dfb2795332cde28f23f_20220703.json,/content/drive/MyDrive/TL_서울_기타_small/651e4dfb2795332cde28f23f_20220703.json,TL_서울_기타_small,644,128,/content/output/smalldata/TL_서울_기타_small/651e4dfb2795332cde28f23f_20220703.npy,768,float32
651e4e712e98ee7120968e0f_20220704.json,/content/drive/MyDrive/TL_서울_기타_small/651e4e712e98ee7120968e0f_20220704.json,TL_서울_기타_small,286,115,/content/output/smalldata/TL_서울_기타_small/651e4e712e98ee7120968e0f_20220704.npy,768,float32
651e4e89429d02dab45a2b2a_20220707.json,/content/drive/MyDrive/TL_서울_기타_small/651e4e89429d02dab45a2b2a_20220707.json,TL_서울_기타_small,187,70,/content/output/smalldata/TL_서울_기타_small/651e4e89429d02dab45a2b2a_20220707.npy,768,float32
651e55898b0aeb067fcdbdb3_20220701.json,/content/drive/MyDrive/TL_서울_기타_small/651e55898b0aeb067fcdbdb3_20220701.json,TL_서울_기타_small,236,93,/content/output/smalldata/TL_서울_기타_small/651e55898b0aeb067fcdbdb3_20220701.npy,768,float32
651e55a0a708c989037f1d3a_20220705.json,/content/drive/MyDrive/TL_서울_기타_small/651e55a0a708c989037f1d3a_20220705.json,TL_서울_기타_small,270,110,/content/output/smalldata/TL_서울_기타_small/651e55a0a708c989037f1d3a_20220705.npy,768,float32
651e55a0a708c989037f20c7_20220705.json,/content/drive/MyDrive/TL_서울_기타_small/651e55a0a708c989037f20c7_20220705.json,TL_서울_기타_small,556,128,/content/output/smalldata/TL_서울_기타_small/651e55a0a708c989037f20c7_20220705.npy,768,float32
651e55a0a708c989037f2192_20220705.json,/content/drive/MyDrive/TL_서울_기타_small/651e55a0a708c989037f2192_20220705.json,TL_서울_기타_small,344,128,/content/output/smalldata/TL_서울_기타_small/651e55a0a708c989037f2192_20220705.npy,768,float32
6551f69dc5b85139f155da04_20220708.json,/content/drive/MyDrive/TL_서울_기타_small/6551f69dc5b85139f155da04_20220708.json,TL_서울_기타_small,560,128,/content/output/smalldata/TL_서울_기타_small/6551f69dc5b85139f155da04_20220708.npy,768,float32
6551f69dc5b85139f155da0d_20220708.json,/content/drive/MyDrive/TL_서울_기타_small/6551f69dc5b85139f155da0d_20220708.json,TL_서울_기타_small,654,128,/content/output/smalldata/TL_서울_기타_small/6551f69dc5b85139f155da0d_20220708.npy,768,float32
6551f69dc5b85139f155da21_20220708.json,/content/drive/MyDrive/TL_서울_기타_small/6551f69dc5b85139f155da21_20220708.json,TL_서울_기타_small,246,95,/content/output/smalldata/TL_서울_기타_small/6551f69dc5b85139f155da21_20220708.npy,768,float32
6551f69dc5b85139f155da2c_20220708.json,/content/drive/MyDrive/TL_서울_기타_small/6551f69dc5b85139f155da2c_20220708.json,TL_서울_기타_small,449,128,/content/output/smalldata/TL_서울_기타_small/6551f69dc5b85139f155da2c_20220708.npy,768,float32
6551f69dc5b85139f155da2e_20220708.json,/content/drive/MyDrive/TL_서울_기타_small/6551f69dc5b85139f155da2e_20220708.json,TL_서울_기타_small,201,83,/content/output/smalldata/TL_서울_기타_small/6551f69dc5b85139f155da2e_20220708.npy,768,float32
6551f69dc5b85139f155da39_20220708.json,/content/drive/MyDrive/TL_서울_기타_small/6551f69dc5b85139f155da39_20220708.json,TL_서울_기타_small,879,128,/content/output/smalldata/TL_서울_기타_small/6551f69dc5b85139f155da39_20220708.npy,768,float32
6551f69dc5b85139f155da47_20220708.json,/content/drive/MyDrive/TL_서울_기타_small/6551f69dc5b85139f155da47_20220708.json,TL_서울_기타_small,520,128,/content/output/smalldata/TL_서울_기타_small/6551f69dc5b85139f155da47_20220708.npy,768,float32
6551f69dc5b85139f155da4e_20220708.json,/content/drive/MyDrive/TL_서울_기타_small/6551f69dc5b85139f155da4e_20220708.json,TL_서울_기타_small,462,128,/content/output/smalldata/TL_서울_기타_small/6551f69dc5b85139f155da4e_20220708.npy,768,float32
6551f69dc5b85139f155da57_20220708.json,/content/drive/MyDrive/TL_서울_기타_small/6551f69dc5b85139f155da57_20220708.json,TL_서울_기타_small,807,128,/content/output/smalldata/TL_서울_기타_small/6551f69dc5b85139f155da57_20220708.npy,768,float32
6551f69dc5b85139f155da5f_20220708.json,/content/drive/MyDrive/TL_서울_기타_small/6551f69dc5b85139f155da5f_20220708.json,TL_서울_기타_small,700,128,/content/output/smalldata/TL_서울_기타_small/6551f69dc5b85139f155da5f_20220708.npy,768,float32
6551f69dc5b85139f155da64_20220708.json,/content/drive/MyDrive/TL_서울_기타_small/6551f69dc5b85139f155da64_20220708.json,TL_서울_기타_small,551,128,/content/output/smalldata/TL_서울_기타_small/6551f69dc5b85139f155da64_20220708.npy,768,float32
6551f69dc5b85139f155da7f_20220708.json,/content/drive/MyDrive/TL_서울_기타_small/6551f69dc5b85139f155da7f_20220708.json,TL_서울_기타_small,567,128,/content/output/smalldata/TL_서울_기타_small/6551f69dc5b85139f155da7f_20220708.npy,768,float32
6551f69dc5b85139f155da93_20220708.json,/content/drive/MyDrive/TL_서울_기타_small/6551f69dc5b85139f155da93_20220708.json,TL_서울_기타_small,395,128,/content/output/smalldata/TL_서울_기타_small/6551f69dc5b85139f155da93_20220708.npy,768,float32
6551f69dc5b85139f155daa1_20220708.json,/content/drive/MyDrive/TL_서울_기타_small/6551f69dc5b85139f155daa1_20220708.json,TL_서울_기타_small,693,128,/content/output/smalldata/TL_서울_기타_small/6551f69dc5b85139f155daa1_20220708.npy,768,float32
6551f69dc5b85139f155daab_20220708.json,/content/drive/MyDrive/TL_서울_기타_small/6551f69dc5b85139f155daab_20220708.json,TL_서울_기타_small,694,128,/content/output/smalldata/TL_서울_기타_small/6551f69dc5b85139f155daab_20220708.npy,768,float32
6551f69dc5b85139f155dae8_20220708.json,/content/drive/MyDrive/TL_서울_기타_small/6551f69dc5b85139f155dae8_20220708.json,TL_서울_기타_small,237,97,/content/output/smalldata/TL_서울_기타_small/6551f69dc5b85139f155dae8_20220708.npy,768,float32
6551f69dc5b85139f155daed_20220708.json,/content/drive/MyDrive/TL_서울_기타_small/6551f69dc5b85139f155daed_20220708.json,TL_서울_기타_small,282,108,/content/output/smalldata/TL_서울_기타_small/6551f69dc5b85139f155daed_20220708.npy,768,float32
6551f69dc5b85139f155daf5_20220708.json,/content/drive/MyDrive/TL_서울_기타_small/6551f69dc5b85139f155daf5_20220708.json,TL_서울_기타_small,844,128,/content/output/smalldata/TL_서울_기타_small/6551f69dc5b85139f155daf5_20220708.npy,768,float32
6551f69dc5b85139f155daf6_20220708.json,/content/drive/MyDrive/TL_서울_기타_small/6551f69dc5b85139f155daf6_20220708.json,TL_서울_기타_small,372,128,/content/output/smalldata/TL_서울_기타_small/6551f69dc5b85139f155daf6_20220708.npy,768,float32
6551f69dc5b85139f155dafe_20220708.json,/content/drive/MyDrive/TL_서울_기타_small/6551f69dc5b85139f155dafe_20220708.json,TL_서울_기타_small,533,128,/content/output/smalldata/TL_서울_기타_small/6551f69dc5b85139f155dafe_20220708.npy,768,float32
6551f69dc5b85139f155daff_20220708.json,/content/drive/MyDrive/TL_서울_기타_small/6551f69dc5b85139f155daff_20220708.json,TL_서울_기타_small,71,27,/content/output/smalldata/TL_서울_기타_small/6551f69dc5b85139f155daff_20220708.npy,768,float32
6551f69dc5b85139f155db17_20220708.json,/content/drive/MyDrive/TL_서울_기타_small/6551f69dc5b85139f155db17_20220708.json,TL_서울_기타_small,440,128,/content/output/smalldata/TL_서울_기타_small/6551f69dc5b85139f155db17_20220708.npy,768,float32
6551f69dc5b85139f155db1a_20220708.json,/content/drive/MyDrive/TL_서울_기타_small/6551f69dc5b85139f155db1a_20220708.json,TL_서울_기타_small,270,108,/content/output/smalldata/TL_서울_기타_small/6551f69dc5b85139f155db1a_20220708.npy,768,float32
6551f69dc5b85139f155db1c_20220708.json,/content/drive/MyDrive/TL_서울_기타_small/6551f69dc5b85139f155db1c_20220708.json,TL_서울_기타_small,218,87,/content/output/smalldata/TL_서울_기타_small/6551f69dc5b85139f155db1c_20220708.npy,768,float32
6551f69dc5b85139f155db3f_20220708.json,/content/drive/MyDrive/TL_서울_기타_small/6551f69dc5b85139f155db3f_20220708.json,TL_서울_기타_small,430,128,/content/output/smalldata/TL_서울_기타_small/6551f69dc5b85139f155db3f_20220708.npy,768,float32
6551f6a49506fd7650e92741_20220709.json,/content/drive/MyDrive/TL_서울_기타_small/6551f6a49506fd7650e92741_20220709.json,TL_서울_기타_small,315,127,/content/output/smalldata/TL_서울_기타_small/6551f6a49506fd7650e92741_20220709.npy,768,float32
6551f6a49506fd7650e92749_20220709.json,/content/drive/MyDrive/TL_서울_기타_small/6551f6a49506fd7650e92749_20220709.json,TL_서울_기타_small,636,128,/content/output/smalldata/TL_서울_기타_small/6551f6a49506fd7650e92749_20220709.npy,768,float32
6551f6a49506fd7650e9274a_20220709.json,/content/drive/MyDrive/TL_서울_기타_small/6551f6a49506fd7650e9274a_20220709.json,TL_서울_기타_small,649,128,/content/output/smalldata/TL_서울_기타_small/6551f6a49506fd7650e9274a_20220709.npy,768,float32
6551f6a49506fd7650e9275f_20220709.json,/content/drive/MyDrive/TL_서울_기타_small/6551f6a49506fd7650e9275f_20220709.json,TL_서울_기타_small,627,128,/content/output/smalldata/TL_서울_기타_small/6551f6a49506fd7650e9275f_20220709.npy,768,float32
6551f6a49506fd7650e92762_20220709.json,/content/drive/MyDrive/TL_서울_기타_small/6551f6a49506fd7650e92762_20220709.json,TL_서울_기타_small,711,128,/content/output/smalldata/TL_서울_기타_small/6551f6a49506fd7650e92762_20220709.npy,768,float32
6551f6a49506fd7650e92771_20220709.json,/content/drive/MyDrive/TL_서울_기타_small/6551f6a49506fd7650e92771_20220709.json,TL_서울_기타_small,630,128,/content/output/smalldata/TL_서울_기타_small/6551f6a49506fd7650e92771_20220709.npy,768,float32
6551f6a49506fd7650e92778_20220709.json,/content/drive/MyDrive/TL_서울_기타_small/6551f6a49506fd7650e92778_20220709.json,TL_서울_기타_small,478,128,/content/output/smalldata/TL_서울_기타_small/6551f6a49506fd7650e92778_20220709.npy,768,float32
6551f6a49506fd7650e92780_20220709.json,/content/drive/MyDrive/TL_서울_기타_small/6551f6a49506fd7650e92780_20220709.json,TL_서울_기타_small,759,128,/content/output/smalldata/TL_서울_기타_small/6551f6a49506fd7650e92780_20220709.npy,768,float32
6551f6a49506fd7650e92784_20220709.json,/content/drive/MyDrive/TL_서울_기타_small/6551f6a49506fd7650e92784_20220709.json,TL_서울_기타_small,269,113,/content/output/smalldata/TL_서울_기타_small/6551f6a49506fd7650e92784_20220709.npy,768,float32
6551f6a49506fd7650e92789_20220709.json,/content/drive/MyDrive/TL_서울_기타_small/6551f6a49506fd7650e92789_20220709.json,TL_서울_기타_small,375,128,/content/output/smalldata/TL_서울_기타_small/6551f6a49506fd7650e92789_20220709.npy,768,float32
6551f6a49506fd7650e927c0_20220709.json,/content/drive/MyDrive/TL_서울_기타_small/6551f6a49506fd7650e927c0_20220709.json,TL_서울_기타_small,510,128,/content/output/smalldata/TL_서울_기타_small/6551f6a49506fd7650e927c0_20220709.npy,768,float32
6551f6a49506fd7650e927d5_20220709.json,/content/drive/MyDrive/TL_서울_기타_small/6551f6a49506fd7650e927d5_20220709.json,TL_서울_기타_small,305,118,/content/output/smalldata/TL_서울_기타_small/6551f6a49506fd7650e927d5_20220709.npy,768,float32
6551f6a49506fd7650e927e0_20220709.json,/content/drive/MyDrive/TL_서울_기타_small/6551f6a49506fd7650e927e0_20220709.json,TL_서울_기타_small,225,91,/content/output/smalldata/TL_서울_기타_small/6551f6a49506fd7650e927e0_20220709.npy,768,float32
6551f6a49506fd7650e927f3_20220709.json,/content/drive/MyDrive/TL_서울_기타_small/6551f6a49506fd7650e927f3_20220709.json,TL_서울_기타_small,172,61,/content/output/smalldata/TL_서울_기타_small/6551f6a49506fd7650e927f3_20220709.npy,768,float32
6551f6a49506fd7650e927f6_20220709.json,/content/drive/MyDrive/TL_서울_기타_small/6551f6a49506fd7650e927f6_20220709.json,TL_서울_기타_small,185,80,/content/output/smalldata/TL_서울_기타_small/6551f6a49506fd7650e927f6_20220709.npy,768,float32
6551f6a49506fd7650e927fb_20220709.json,/content/drive/MyDrive/TL_서울_기타_small/6551f6a49506fd7650e927fb_20220709.json,TL_서울_기타_small,311,120,/content/output/smalldata/TL_서울_기타_small/6551f6a49506fd7650e927fb_20220709.npy,768,float32
6551f6a49506fd7650e927fc_20220709.json,/content/drive/MyDrive/TL_서울_기타_small/6551f6a49506fd7650e927fc_20220709.json,TL_서울_기타_small,518,128,/content/output/smalldata/TL_서울_기타_small/6551f6a49506fd7650e927fc_20220709.npy,768,float32
6551f6a49506fd7650e92817_20220709.json,/content/drive/MyDrive/TL_서울_기타_small/6551f6a49506fd7650e92817_20220709.json,TL_서울_기타_small,925,128,/content/output/smalldata/TL_서울_기타_small/6551f6a49506fd7650e92817_20220709.npy,768,float32
6551f6a49506fd7650e92827_20220709.json,/content/drive/MyDrive/TL_서울_기타_small/6551f6a49506fd7650e92827_20220709.json,TL_서울_기타_small,661,128,/content/output/smalldata/TL_서울_기타_small/6551f6a49506fd7650e92827_20220709.npy,768,float32
6551f6a49506fd7650e9282c_20220709.json,/content/drive/MyDrive/TL_서울_기타_small/6551f6a49506fd7650e9282c_20220709.json,TL_서울_기타_small,309,126,/content/output/smalldata/TL_서울_기타_small/6551f6a49506fd7650e9282c_20220709.npy,768,float32
6551f6a49506fd7650e9282f_20220709.json,/content/drive/MyDrive/TL_서울_기타_small/6551f6a49506fd7650e9282f_20220709.json,TL_서울_기타_small,255,102,/content/output/smalldata/TL_서울_기타_small/6551f6a49506fd7650e9282f_20220709.npy,768,float32
6551f6a49506fd7650e92849_20220709.json,/content/drive/MyDrive/TL_서울_기타_small/6551f6a49506fd7650e92849_20220709.json,TL_서울_기타_small,671,128,/content/output/smalldata/TL_서울_기타_small/6551f6a49506fd7650e92849_20220709.npy,768,float32
6551f6a49506fd7650e92850_20220709.json,/content/drive/MyDrive/TL_서울_기타_small/6551f6a49506fd7650e92850_20220709.json,TL_서울_기타_small,560,128,/content/output/smalldata/TL_서울_기타_small/6551f6a49506fd7650e92850_20220709.npy,768,float32
6551f6a49506fd7650e9285e_20220709.json,/content/drive/MyDrive/TL_서울_기타_small/6551f6a49506fd7650e9285e_20220709.json,TL_서울_기타_small,586,128,/content/output/smalldata/TL_서울_기타_small/6551f6a49506fd7650e9285e_20220709.npy,768,float32
6551f6a49506fd7650e92863_20220709.json,/content/drive/MyDrive/TL_서울_기타_small/6551f6a49506fd7650e92863_20220709.json,TL_서울_기타_small,517,128,/content/output/smalldata/TL_서울_기타_small/6551f6a49506fd7650e92863_20220709.npy,768,float32
6551f6af69cfa8bc64e6996a_20220715.json,/content/drive/MyDrive/TL_서울_기타_small/6551f6af69cfa8bc64e6996a_20220715.json,TL_서울_기타_small,1011,128,/content/output/smalldata/TL_서울_기타_small/6551f6af69cfa8bc64e6996a_20220715.npy,768,float32
6551f6af69cfa8bc64e6996b_20220715.json,/content/drive/MyDrive/TL_서울_기타_small/6551f6af69cfa8bc64e6996b_20220715.json,TL_서울_기타_small,269,99,/content/output/smalldata/TL_서울_기타_small/6551f6af69cfa8bc64e6996b_20220715.npy,768,float32
6551f6af69cfa8bc64e69980_20220715.json,/content/drive/MyDrive/TL_서울_기타_small/6551f6af69cfa8bc64e69980_20220715.json,TL_서울_기타_small,723,128,/content/output/smalldata/TL_서울_기타_small/6551f6af69cfa8bc64e69980_20220715.npy,768,float32
6551f6af69cfa8bc64e6998b_20220715.json,/content/drive/MyDrive/TL_서울_기타_small/6551f6af69cfa8bc64e6998b_20220715.json,TL_서울_기타_small,811,128,/content/output/smalldata/TL_서울_기타_small/6551f6af69cfa8bc64e6998b_20220715.npy,768,float32
6551f6af69cfa8bc64e69993_20220715.json,/content/drive/MyDrive/TL_서울_기타_small/6551f6af69cfa8bc64e69993_20220715.json,TL_서울_기타_small,508,128,/content/output/smalldata/TL_서울_기타_small/6551f6af69cfa8bc64e69993_20220715.npy,768,float32
6551f6af69cfa8bc64e69997_20220715.json,/content/drive/MyDrive/TL_서울_기타_small/6551f6af69cfa8bc64e69997_20220715.json,TL_서울_기타_small,885,128,/content/output/smalldata/TL_서울_기타_small/6551f6af69cfa8bc64e69997_20220715.npy,768,float32
6551f6af69cfa8bc64e699b0_20220715.json,/content/drive/MyDrive/TL_서울_기타_small/6551f6af69cfa8bc64e699b0_20220715.json,TL_서울_기타_small,233,83,/content/output/smalldata/TL_서울_기타_small/6551f6af69cfa8bc64e699b0_20220715.npy,768,float32
6551f6af69cfa8bc64e699cf_20220715.json,/content/drive/MyDrive/TL_서울_기타_small/6551f6af69cfa8bc64e699cf_20220715.json,TL_서울_기타_small,511,128,/content/output/smalldata/TL_서울_기타_small/6551f6af69cfa8bc64e699cf_20220715.npy,768,float32
6551f6af69cfa8bc64e699da_20220715.json,/content/drive/MyDrive/TL_서울_기타_small/6551f6af69cfa8bc64e699da_20220715.json,TL_서울_기타_small,905,128,/content/output/smalldata/TL_서울_기타_small/6551f6af69cfa8bc64e699da_20220715.npy,768,float32
6551f6af69cfa8bc64e69a1e_20220715.json,/content/drive/MyDrive/TL_서울_기타_small/6551f6af69cfa8bc64e69a1e_20220715.json,TL_서울_기타_small,181,73,/content/output/smalldata/TL_서울_기타_small/6551f6af69cfa8bc64e69a1e_20220715.npy,768,float32
6551f6af69cfa8bc64e69a25_20220715.json,/content/drive/MyDrive/TL_서울_기타_small/6551f6af69cfa8bc64e69a25_20220715.json,TL_서울_기타_small,300,119,/content/output/smalldata/TL_서울_기타_small/6551f6af69cfa8bc64e69a25_20220715.npy,768,float32
6551f6af69cfa8bc64e69a28_20220715.json,/content/drive/MyDrive/TL_서울_기타_small/6551f6af69cfa8bc64e69a28_20220715.json,TL_서울_기타_small,446,128,/content/output/smalldata/TL_서울_기타_small/6551f6af69cfa8bc64e69a28_20220715.npy,768,float32
6551f6af69cfa8bc64e69a2f_20220715.json,/content/drive/MyDrive/TL_서울_기타_small/6551f6af69cfa8bc64e69a2f_20220715.json,TL_서울_기타_small,285,109,/content/output/smalldata/TL_서울_기타_small/6551f6af69cfa8bc64e69a2f_20220715.npy,768,float32
6551f6af69cfa8bc64e69a3c_20220715.json,/content/drive/MyDrive/TL_서울_기타_small/6551f6af69cfa8bc64e69a3c_20220715.json,TL_서울_기타_small,537,128,/content/output/smalldata/TL_서울_기타_small/6551f6af69cfa8bc64e69a3c_20220715.npy,768,float32
6551f6af69cfa8bc64e69a48_20220715.json,/content/drive/MyDrive/TL_서울_기타_small/6551f6af69cfa8bc64e69a48_20220715.json,TL_서울_기타_small,550,128,/content/output/smalldata/TL_서울_기타_small/6551f6af69cfa8bc64e69a48_20220715.npy,768,float32
6551f6af69cfa8bc64e69a74_20220715.json,/content/drive/MyDrive/TL_서울_기타_small/6551f6af69cfa8bc64e69a74_20220715.json,TL_서울_기타_small,166,67,/content/output/smalldata/TL_서울_기타_small/6551f6af69cfa8bc64e69a74_20220715.npy,768,float32
6551f6af69cfa8bc64e69a87_20220715.json,/content/drive/MyDrive/TL_서울_기타_small/6551f6af69cfa8bc64e69a87_20220715.json,TL_서울_기타_small,471,128,/content/output/smalldata/TL_서울_기타_small/6551f6af69cfa8bc64e69a87_20220715.npy,768,float32
6551f6af69cfa8bc64e69a9c_20220715.json,/content/drive/MyDrive/TL_서울_기타_small/6551f6af69cfa8bc64e69a9c_20220715.json,TL_서울_기타_small,582,128,/content/output/smalldata/TL_서울_기타_small/6551f6af69cfa8bc64e69a9c_20220715.npy,768,float32
6551f6af69cfa8bc64e69aa0_20220715.json,/content/drive/MyDrive/TL_서울_기타_small/6551f6af69cfa8bc64e69aa0_20220715.json,TL_서울_기타_small,354,128,/content/output/smalldata/TL_서울_기타_small/6551f6af69cfa8bc64e69aa0_20220715.npy,768,float32
6551f6af69cfa8bc64e69abb_20220715.json,/content/drive/MyDrive/TL_서울_기타_small/6551f6af69cfa8bc64e69abb_20220715.json,TL_서울_기타_small,474,128,/content/output/smalldata/TL_서울_기타_small/6551f6af69cfa8bc64e69abb_20220715.npy,768,float32
6551f6af69cfa8bc64e69ad5_20220715.json,/content/drive/MyDrive/TL_서울_기타_small/6551f6af69cfa8bc64e69ad5_20220715.json,TL_서울_기타_small,404,128,/content/output/smalldata/TL_서울_기타_small/6551f6af69cfa8bc64e69ad5_20220715.npy,768,float32
6551f6af69cfa8bc64e69ad8_20220715.json,/content/drive/MyDrive/TL_서울_기타_small/6551f6af69cfa8bc64e69ad8_20220715.json,TL_서울_기타_small,225,86,/content/output/smalldata/TL_서울_기타_small/6551f6af69cfa8bc64e69ad8_20220715.npy,768,float32
6551f6b997e7897119ca572d_20220716.json,/content/drive/MyDrive/TL_서울_기타_small/6551f6b997e7897119ca572d_20220716.json,TL_서울_기타_small,199,79,/content/output/smalldata/TL_서울_기타_small/6551f6b997e7897119ca572d_20220716.npy,768,float32
6551f6b997e7897119ca574b_20220716.json,/content/drive/MyDrive/TL_서울_기타_small/6551f6b997e7897119ca574b_20220716.json,TL_서울_기타_small,199,78,/content/output/smalldata/TL_서울_기타_small/6551f6b997e7897119ca574b_20220716.npy,768,float32
6551f6b997e7897119ca5759_20220716.json,/content/drive/MyDrive/TL_서울_기타_small/6551f6b997e7897119ca5759_20220716.json,TL_서울_기타_small,411,128,/content/output/smalldata/TL_서울_기타_small/6551f6b997e7897119ca5759_20220716.npy,768,float32
6551f6b997e7897119ca575b_20220716.json,/content/drive/MyDrive/TL_서울_기타_small/6551f6b997e7897119ca575b_20220716.json,TL_서울_기타_small,451,128,/content/output/smalldata/TL_서울_기타_small/6551f6b997e7897119ca575b_20220716.npy,768,float32
6551f6b997e7897119ca576e_20220716.json,/content/drive/MyDrive/TL_서울_기타_small/6551f6b997e7897119ca576e_20220716.json,TL_서울_기타_small,795,128,/content/output/smalldata/TL_서울_기타_small/6551f6b997e7897119ca576e_20220716.npy,768,float32
6551f6b997e7897119ca5771_20220716.json,/content/drive/MyDrive/TL_서울_기타_small/6551f6b997e7897119ca5771_20220716.json,TL_서울_기타_small,510,128,/content/output/smalldata/TL_서울_기타_small/6551f6b997e7897119ca5771_20220716.npy,768,float32
6551f6b997e7897119ca577a_20220716.json,/content/drive/MyDrive/TL_서울_기타_small/6551f6b997e7897119ca577a_20220716.json,TL_서울_기타_small,395,128,/content/output/smalldata/TL_서울_기타_small/6551f6b997e7897119ca577a_20220716.npy,768,float32
6551f6b997e7897119ca578a_20220716.json,/content/drive/MyDrive/TL_서울_기타_small/6551f6b997e7897119ca578a_20220716.json,TL_서울_기타_small,352,128,/content/output/smalldata/TL_서울_기타_small/6551f6b997e7897119ca578a_20220716.npy,768,float32
6551f6b997e7897119ca57a7_20220716.json,/content/drive/MyDrive/TL_서울_기타_small/6551f6b997e7897119ca57a7_20220716.json,TL_서울_기타_small,602,128,/content/output/smalldata/TL_서울_기타_small/6551f6b997e7897119ca57a7_20220716.npy,768,float32
6551f6b997e7897119ca57c8_20220716.json,/content/drive/MyDrive/TL_서울_기타_small/6551f6b997e7897119ca57c8_20220716.json,TL_서울_기타_small,372,128,/content/output/smalldata/TL_서울_기타_small/6551f6b997e7897119ca57c8_20220716.npy,768,float32
6551f6b997e7897119ca57ca_20220716.json,/content/drive/MyDrive/TL_서울_기타_small/6551f6b997e7897119ca57ca_20220716.json,TL_서울_기타_small,448,128,/content/output/smalldata/TL_서울_기타_small/6551f6b997e7897119ca57ca_20220716.npy,768,float32
6551f6b997e7897119ca57e6_20220716.json,/content/drive/MyDrive/TL_서울_기타_small/6551f6b997e7897119ca57e6_20220716.json,TL_서울_기타_small,536,128,/content/output/smalldata/TL_서울_기타_small/6551f6b997e7897119ca57e6_20220716.npy,768,float32
6551f6b997e7897119ca57f2_20220716.json,/content/drive/MyDrive/TL_서울_기타_small/6551f6b997e7897119ca57f2_20220716.json,TL_서울_기타_small,215,88,/content/output/smalldata/TL_서울_기타_small/6551f6b997e7897119ca57f2_20220716.npy,768,float32
6551f6b997e7897119ca5847_20220716.json,/content/drive/MyDrive/TL_서울_기타_small/6551f6b997e7897119ca5847_20220716.json,TL_서울_기타_small,985,128,/content/output/smalldata/TL_서울_기타_small/6551f6b997e7897119ca5847_20220716.npy,768,float32
6551f6b997e7897119ca5861_20220716.json,/content/drive/MyDrive/TL_서울_기타_small/6551f6b997e7897119ca5861_20220716.json,TL_서울_기타_small,413,128,/content/output/smalldata/TL_서울_기타_small/6551f6b997e7897119ca5861_20220716.npy,768,float32
6551f6c2341552d8b4d2d87a_20220718.json,/content/drive/MyDrive/TL_서울_기타_small/6551f6c2341552d8b4d2d87a_20220718.json,TL_서울_기타_small,458,128,/content/output/smalldata/TL_서울_기타_small/6551f6c2341552d8b4d2d87a_20220718.npy,768,float32
6551f6c2341552d8b4d2d896_20220718.json,/content/drive/MyDrive/TL_서울_기타_small/6551f6c2341552d8b4d2d896_20220718.json,TL_서울_기타_small,580,128,/content/output/smalldata/TL_서울_기타_small/6551f6c2341552d8b4d2d896_20220718.npy,768,float32
6551f6c2341552d8b4d2d8a3_20220718.json,/content/drive/MyDrive/TL_서울_기타_small/6551f6c2341552d8b4d2d8a3_20220718.json,TL_서울_기타_small,156,64,/content/output/smalldata/TL_서울_기타_small/6551f6c2341552d8b4d2d8a3_20220718.npy,768,float32
6551f6c2341552d8b4d2d8ce_20220718.json,/content/drive/MyDrive/TL_서울_기타_small/6551f6c2341552d8b4d2d8ce_20220718.json,TL_서울_기타_small,512,128,/content/output/smalldata/TL_서울_기타_small/6551f6c2341552d8b4d2d8ce_20220718.npy,768,float32
6551f6c2341552d8b4d2d8d8_20220718.json,/content/drive/MyDrive/TL_서울_기타_small/6551f6c2341552d8b4d2d8d8_20220718.json,TL_서울_기타_small,373,128,/content/output/smalldata/TL_서울_기타_small/6551f6c2341552d8b4d2d8d8_20220718.npy,768,float32
6551f6c2341552d8b4d2d8e7_20220718.json,/content/drive/MyDrive/TL_서울_기타_small/6551f6c2341552d8b4d2d8e7_20220718.json,TL_서울_기타_small,183,72,/content/output/smalldata/TL_서울_기타_small/6551f6c2341552d8b4d2d8e7_20220718.npy,768,float32
6551f6c2341552d8b4d2d928_20220718.json,/content/drive/MyDrive/TL_서울_기타_small/6551f6c2341552d8b4d2d928_20220718.json,TL_서울_기타_small,1026,128,/content/output/smalldata/TL_서울_기타_small/6551f6c2341552d8b4d2d928_20220718.npy,768,float32
6551f6c2341552d8b4d2d929_20220718.json,/content/drive/MyDrive/TL_서울_기타_small/6551f6c2341552d8b4d2d929_20220718.json,TL_서울_기타_small,200,74,/content/output/smalldata/TL_서울_기타_small/6551f6c2341552d8b4d2d929_20220718.npy,768,float32
6551f6c2341552d8b4d2d979_20220718.json,/content/drive/MyDrive/TL_서울_기타_small/6551f6c2341552d8b4d2d979_20220718.json,TL_서울_기타_small,471,128,/content/output/smalldata/TL_서울_기타_small/6551f6c2341552d8b4d2d979_20220718.npy,768,float32
6551f6c2341552d8b4d2d97a_20220718.json,/content/drive/MyDrive/TL_서울_기타_small/6551f6c2341552d8b4d2d97a_20220718.json,TL_서울_기타_small,592,128,/content/output/smalldata/TL_서울_기타_small/6551f6c2341552d8b4d2d97a_20220718.npy,768,float32
6551f6c2341552d8b4d2d988_20220718.json,/content/drive/MyDrive/TL_서울_기타_small/6551f6c2341552d8b4d2d988_20220718.json,TL_서울_기타_small,584,128,/content/output/smalldata/TL_서울_기타_small/6551f6c2341552d8b4d2d988_20220718.npy,768,float32
6551f6c2341552d8b4d2d9cb_20220718.json,/content/drive/MyDrive/TL_서울_기타_small/6551f6c2341552d8b4d2d9cb_20220718.json,TL_서울_기타_small,447,128,/content/output/smalldata/TL_서울_기타_small/6551f6c2341552d8b4d2d9cb_20220718.npy,768,float32
6551f6c93c46cf56ad50c197_20220719.json,/content/drive/MyDrive/TL_서울_기타_small/6551f6c93c46cf56ad50c197_20220719.json,TL_서울_기타_small,1181,128,/content/output/smalldata/TL_서울_기타_small/6551f6c93c46cf56ad50c197_20220719.npy,768,float32
6551f6c93c46cf56ad50c199_20220719.json,/content/drive/MyDrive/TL_서울_기타_small/6551f6c93c46cf56ad50c199_20220719.json,TL_서울_기타_small,335,128,/content/output/smalldata/TL_서울_기타_small/6551f6c93c46cf56ad50c199_20220719.npy,768,float32
6551f6c93c46cf56ad50c1a9_20220719.json,/content/drive/MyDrive/TL_서울_기타_small/6551f6c93c46cf56ad50c1a9_20220719.json,TL_서울_기타_small,761,128,/content/output/smalldata/TL_서울_기타_small/6551f6c93c46cf56ad50c1a9_20220719.npy,768,float32
6551f6c93c46cf56ad50c1b5_20220719.json,/content/drive/MyDrive/TL_서울_기타_small/6551f6c93c46cf56ad50c1b5_20220719.json,TL_서울_기타_small,643,128,/content/output/smalldata/TL_서울_기타_small/6551f6c93c46cf56ad50c1b5_20220719.npy,768,float32
6551f6c93c46cf56ad50c1b8_20220719.json,/content/drive/MyDrive/TL_서울_기타_small/6551f6c93c46cf56ad50c1b8_20220719.json,TL_서울_기타_small,470,128,/content/output/smalldata/TL_서울_기타_small/6551f6c93c46cf56ad50c1b8_20220719.npy,768,float32
6551f6c93c46cf56ad50c1be_20220719.json,/content/drive/MyDrive/TL_서울_기타_small/6551f6c93c46cf56ad50c1be_20220719.json,TL_서울_기타_small,325,128,/content/output/smalldata/TL_서울_기타_small/6551f6c93c46cf56ad50c1be_20220719.npy,768,float32
6551f6c93c46cf56ad50c1c0_20220719.json,/content/drive/MyDrive/TL_서울_기타_small/6551f6c93c46cf56ad50c1c0_20220719.json,TL_서울_기타_small,265,120,/content/output/smalldata/TL_서울_기타_small/6551f6c93c46cf56ad50c1c0_20220719.npy,768,float32
6551f6c93c46cf56ad50c1c2_20220719.json,/content/drive/MyDrive/TL_서울_기타_small/6551f6c93c46cf56ad50c1c2_20220719.json,TL_서울_기타_small,324,128,/content/output/smalldata/TL_서울_기타_small/6551f6c93c46cf56ad50c1c2_20220719.npy,768,float32
6551f6c93c46cf56ad50c1c8_20220719.json,/content/drive/MyDrive/TL_서울_기타_small/6551f6c93c46cf56ad50c1c8_20220719.json,TL_서울_기타_small,156,65,/content/output/smalldata/TL_서울_기타_small/6551f6c93c46cf56ad50c1c8_20220719.npy,768,float32
6551f6c93c46cf56ad50c1d4_20220719.json,/content/drive/MyDrive/TL_서울_기타_small/6551f6c93c46cf56ad50c1d4_20220719.json,TL_서울_기타_small,436,128,/content/output/smalldata/TL_서울_기타_small/6551f6c93c46cf56ad50c1d4_20220719.npy,768,float32
6551f6c93c46cf56ad50c1d7_20220719.json,/content/drive/MyDrive/TL_서울_기타_small/6551f6c93c46cf56ad50c1d7_20220719.json,TL_서울_기타_small,560,128,/content/output/smalldata/TL_서울_기타_small/6551f6c93c46cf56ad50c1d7_20220719.npy,768,float32
6551f6c93c46cf56ad50c1f6_20220719.json,/content/drive/MyDrive/TL_서울_기타_small/6551f6c93c46cf56ad50c1f6_20220719.json,TL_서울_기타_small,689,128,/content/output/smalldata/TL_서울_기타_small/6551f6c93c46cf56ad50c1f6_20220719.npy,768,float32
6551f6c93c46cf56ad50c1fb_20220719.json,/content/drive/MyDrive/TL_서울_기타_small/6551f6c93c46cf56ad50c1fb_20220719.json,TL_서울_기타_small,356,128,/content/output/smalldata/TL_서울_기타_small/6551f6c93c46cf56ad50c1fb_20220719.npy,768,float32
6551f6c93c46cf56ad50c20e_20220719.json,/content/drive/MyDrive/TL_서울_기타_small/6551f6c93c46cf56ad50c20e_20220719.json,TL_서울_기타_small,298,116,/content/output/smalldata/TL_서울_기타_small/6551f6c93c46cf56ad50c20e_20220719.npy,768,float32
6551f6c93c46cf56ad50c21a_20220719.json,/content/drive/MyDrive/TL_서울_기타_small/6551f6c93c46cf56ad50c21a_20220719.json,TL_서울_기타_small,371,128,/content/output/smalldata/TL_서울_기타_small/6551f6c93c46cf56ad50c21a_20220719.npy,768,float32
6551f6c93c46cf56ad50c226_20220719.json,/content/drive/MyDrive/TL_서울_기타_small/6551f6c93c46cf56ad50c226_20220719.json,TL_서울_기타_small,371,128,/content/output/smalldata/TL_서울_기타_small/6551f6c93c46cf56ad50c226_20220719.npy,768,float32
6551f6c93c46cf56ad50c232_20220719.json,/content/drive/MyDrive/TL_서울_기타_small/6551f6c93c46cf56ad50c232_20220719.json,TL_서울_기타_small,686,128,/content/output/smalldata/TL_서울_기타_small/6551f6c93c46cf56ad50c232_20220719.npy,768,float32
6551f6c93c46cf56ad50c256_20220719.json,/content/drive/MyDrive/TL_서울_기타_small/6551f6c93c46cf56ad50c256_20220719.json,TL_서울_기타_small,339,128,/content/output/smalldata/TL_서울_기타_small/6551f6c93c46cf56ad50c256_20220719.npy,768,float32
6551f6c93c46cf56ad50c25d_20220719.json,/content/drive/MyDrive/TL_서울_기타_small/6551f6c93c46cf56ad50c25d_20220719.json,TL_서울_기타_small,571,128,/content/output/smalldata/TL_서울_기타_small/6551f6c93c46cf56ad50c25d_20220719.npy,768,float32
6551f6c93c46cf56ad50c26f_20220719.json,/content/drive/MyDrive/TL_서울_기타_small/6551f6c93c46cf56ad50c26f_20220719.json,TL_서울_기타_small,343,128,/content/output/smalldata/TL_서울_기타_small/6551f6c93c46cf56ad50c26f_20220719.npy,768,float32
6551f6c93c46cf56ad50c272_20220719.json,/content/drive/MyDrive/TL_서울_기타_small/6551f6c93c46cf56ad50c272_20220719.json,TL_서울_기타_small,319,128,/content/output/smalldata/TL_서울_기타_small/6551f6c93c46cf56ad50c272_20220719.npy,768,float32
6551f6c93c46cf56ad50c297_20220719.json,/content/drive/MyDrive/TL_서울_기타_small/6551f6c93c46cf56ad50c297_20220719.json,TL_서울_기타_small,383,128,/content/output/smalldata/TL_서울_기타_small/6551f6c93c46cf56ad50c297_20220719.npy,768,float32
6551f6c93c46cf56ad50c2a6_20220719.json,/content/drive/MyDrive/TL_서울_기타_small/6551f6c93c46cf56ad50c2a6_20220719.json,TL_서울_기타_small,383,128,/content/output/smalldata/TL_서울_기타_small/6551f6c93c46cf56ad50c2a6_20220719.npy,768,float32
6551f6c93c46cf56ad50c2cf_20220719.json,/content/drive/MyDrive/TL_서울_기타_small/6551f6c93c46cf56ad50c2cf_20220719.json,TL_서울_기타_small,468,128,/content/output/smalldata/TL_서울_기타_small/6551f6c93c46cf56ad50c2cf_20220719.npy,768,float32
6551f6c93c46cf56ad50c2d3_20220719.json,/content/drive/MyDrive/TL_서울_기타_small/6551f6c93c46cf56ad50c2d3_20220719.json,TL_서울_기타_small,659,128,/content/output/smalldata/TL_서울_기타_small/6551f6c93c46cf56ad50c2d3_20220719.npy,768,float32
6551f6c93c46cf56ad50c2eb_20220719.json,/content/drive/MyDrive/TL_서울_기타_small/6551f6c93c46cf56ad50c2eb_20220719.json,TL_서울_기타_small,434,128,/content/output/smalldata/TL_서울_기타_small/6551f6c93c46cf56ad50c2eb_20220719.npy,768,float32
6551f6d1f68470213c1386e9_20220720.json,/content/drive/MyDrive/TL_서울_기타_small/6551f6d1f68470213c1386e9_20220720.json,TL_서울_기타_small,264,98,/content/output/smalldata/TL_서울_기타_small/6551f6d1f68470213c1386e9_20220720.npy,768,float32
6551f6d1f68470213c1386ef_20220720.json,/content/drive/MyDrive/TL_서울_기타_small/6551f6d1f68470213c1386ef_20220720.json,TL_서울_기타_small,285,122,/content/output/smalldata/TL_서울_기타_small/6551f6d1f68470213c1386ef_20220720.npy,768,float32
6551f6d1f68470213c13870f_20220720.json,/content/drive/MyDrive/TL_서울_기타_small/6551f6d1f68470213c13870f_20220720.json,TL_서울_기타_small,428,128,/content/output/smalldata/TL_서울_기타_small/6551f6d1f68470213c13870f_20220720.npy,768,float32
6551f6d1f68470213c13875d_20220720.json,/content/drive/MyDrive/TL_서울_기타_small/6551f6d1f68470213c13875d_20220720.json,TL_서울_기타_small,628,128,/content/output/smalldata/TL_서울_기타_small/6551f6d1f68470213c13875d_20220720.npy,768,float32
6551f6d1f68470213c138760_20220720.json,/content/drive/MyDrive/TL_서울_기타_small/6551f6d1f68470213c138760_20220720.json,TL_서울_기타_small,407,128,/content/output/smalldata/TL_서울_기타_small/6551f6d1f68470213c138760_20220720.npy,768,float32
6551f6d1f68470213c138767_20220720.json,/content/drive/MyDrive/TL_서울_기타_small/6551f6d1f68470213c138767_20220720.json,TL_서울_기타_small,288,114,/content/output/smalldata/TL_서울_기타_small/6551f6d1f68470213c138767_20220720.npy,768,float32
6551f6d1f68470213c138773_20220720.json,/content/drive/MyDrive/TL_서울_기타_small/6551f6d1f68470213c138773_20220720.json,TL_서울_기타_small,386,128,/content/output/smalldata/TL_서울_기타_small/6551f6d1f68470213c138773_20220720.npy,768,float32
6551f6d1f68470213c13878d_20220720.json,/content/drive/MyDrive/TL_서울_기타_small/6551f6d1f68470213c13878d_20220720.json,TL_서울_기타_small,308,118,/content/output/smalldata/TL_서울_기타_small/6551f6d1f68470213c13878d_20220720.npy,768,float32
6551f6d1f68470213c1387a3_20220720.json,/content/drive/MyDrive/TL_서울_기타_small/6551f6d1f68470213c1387a3_20220720.json,TL_서울_기타_small,333,128,/content/output/smalldata/TL_서울_기타_small/6551f6d1f68470213c1387a3_20220720.npy,768,float32
6551f6d1f68470213c1387a8_20220720.json,/content/drive/MyDrive/TL_서울_기타_small/6551f6d1f68470213c1387a8_20220720.json,TL_서울_기타_small,342,128,/content/output/smalldata/TL_서울_기타_small/6551f6d1f68470213c1387a8_20220720.npy,768,float32
6551f6d1f68470213c1387af_20220720.json,/content/drive/MyDrive/TL_서울_기타_small/6551f6d1f68470213c1387af_20220720.json,TL_서울_기타_small,435,128,/content/output/smalldata/TL_서울_기타_small/6551f6d1f68470213c1387af_20220720.npy,768,float32
6551f6d1f68470213c1387b2_20220720.json,/content/drive/MyDrive/TL_서울_기타_small/6551f6d1f68470213c1387b2_20220720.json,TL_서울_기타_small,515,128,/content/output/smalldata/TL_서울_기타_small/6551f6d1f68470213c1387b2_20220720.npy,768,float32
6551f6d1f68470213c1387e7_20220720.json,/content/drive/MyDrive/TL_서울_기타_small/6551f6d1f68470213c1387e7_20220720.json,TL_서울_기타_small,324,128,/content/output/smalldata/TL_서울_기타_small/6551f6d1f68470213c1387e7_20220720.npy,768,float32
6551f6d1f68470213c138819_20220720.json,/content/drive/MyDrive/TL_서울_기타_small/6551f6d1f68470213c138819_20220720.json,TL_서울_기타_small,415,128,/content/output/smalldata/TL_서울_기타_small/6551f6d1f68470213c138819_20220720.npy,768,float32
6551f6d1f68470213c138820_20220720.json,/content/drive/MyDrive/TL_서울_기타_small/6551f6d1f68470213c138820_20220720.json,TL_서울_기타_small,600,128,/content/output/smalldata/TL_서울_기타_small/6551f6d1f68470213c138820_20220720.npy,768,float32
6551f6da0e5887769ebda166_20220722.json,/content/drive/MyDrive/TL_서울_기타_small/6551f6da0e5887769ebda166_20220722.json,TL_서울_기타_small,412,128,/content/output/smalldata/TL_서울_기타_small/6551f6da0e5887769ebda166_20220722.npy,768,float32
6551f6da0e5887769ebda176_20220722.json,/content/drive/MyDrive/TL_서울_기타_small/6551f6da0e5887769ebda176_20220722.json,TL_서울_기타_small,304,117,/content/output/smalldata/TL_서울_기타_small/6551f6da0e5887769ebda176_20220722.npy,768,float32
6551f6da0e5887769ebda19d_20220722.json,/content/drive/MyDrive/TL_서울_기타_small/6551f6da0e5887769ebda19d_20220722.json,TL_서울_기타_small,465,128,/content/output/smalldata/TL_서울_기타_small/6551f6da0e5887769ebda19d_20220722.npy,768,float32
6551f6da0e5887769ebda1a8_20220722.json,/content/drive/MyDrive/TL_서울_기타_small/6551f6da0e5887769ebda1a8_20220722.json,TL_서울_기타_small,672,128,/content/output/smalldata/TL_서울_기타_small/6551f6da0e5887769ebda1a8_20220722.npy,768,float32
6551f6da0e5887769ebda1ab_20220722.json,/content/drive/MyDrive/TL_서울_기타_small/6551f6da0e5887769ebda1ab_20220722.json,TL_서울_기타_small,492,128,/content/output/smalldata/TL_서울_기타_small/6551f6da0e5887769ebda1ab_20220722.npy,768,float32
6551f6da0e5887769ebda1d1_20220722.json,/content/drive/MyDrive/TL_서울_기타_small/6551f6da0e5887769ebda1d1_20220722.json,TL_서울_기타_small,912,128,/content/output/smalldata/TL_서울_기타_small/6551f6da0e5887769ebda1d1_20220722.npy,768,float32
6551f6da0e5887769ebda1fa_20220722.json,/content/drive/MyDrive/TL_서울_기타_small/6551f6da0e5887769ebda1fa_20220722.json,TL_서울_기타_small,471,128,/content/output/smalldata/TL_서울_기타_small/6551f6da0e5887769ebda1fa_20220722.npy,768,float32
6551f6da0e5887769ebda221_20220722.json,/content/drive/MyDrive/TL_서울_기타_small/6551f6da0e5887769ebda221_20220722.json,TL_서울_기타_small,361,128,/content/output/smalldata/TL_서울_기타_small/6551f6da0e5887769ebda221_20220722.npy,768,float32
6551f6da0e5887769ebda223_20220722.json,/content/drive/MyDrive/TL_서울_기타_small/6551f6da0e5887769ebda223_20220722.json,TL_서울_기타_small,204,85,/content/output/smalldata/TL_서울_기타_small/6551f6da0e5887769ebda223_20220722.npy,768,float32
6551f6da0e5887769ebda229_20220722.json,/content/drive/MyDrive/TL_서울_기타_small/6551f6da0e5887769ebda229_20220722.json,TL_서울_기타_small,284,114,/content/output/smalldata/TL_서울_기타_small/6551f6da0e5887769ebda229_20220722.npy,768,float32
6551f6da0e5887769ebda247_20220722.json,/content/drive/MyDrive/TL_서울_기타_small/6551f6da0e5887769ebda247_20220722.json,TL_서울_기타_small,266,102,/content/output/smalldata/TL_서울_기타_small/6551f6da0e5887769ebda247_20220722.npy,768,float32
6551f6da0e5887769ebda24c_20220722.json,/content/drive/MyDrive/TL_서울_기타_small/6551f6da0e5887769ebda24c_20220722.json,TL_서울_기타_small,521,128,/content/output/smalldata/TL_서울_기타_small/6551f6da0e5887769ebda24c_20220722.npy,768,float32
6551f6da0e5887769ebda25d_20220722.json,/content/drive/MyDrive/TL_서울_기타_small/6551f6da0e5887769ebda25d_20220722.json,TL_서울_기타_small,302,114,/content/output/smalldata/TL_서울_기타_small/6551f6da0e5887769ebda25d_20220722.npy,768,float32
6551f6da0e5887769ebda26d_20220722.json,/content/drive/MyDrive/TL_서울_기타_small/6551f6da0e5887769ebda26d_20220722.json,TL_서울_기타_small,321,128,/content/output/smalldata/TL_서울_기타_small/6551f6da0e5887769ebda26d_20220722.npy,768,float32
6551f6da0e5887769ebda2a5_20220722.json,/content/drive/MyDrive/TL_서울_기타_small/6551f6da0e5887769ebda2a5_20220722.json,TL_서울_기타_small,525,128,/content/output/smalldata/TL_서울_기타_small/6551f6da0e5887769ebda2a5_20220722.npy,768,float32
6551f6e0d5b8fc2ead489e35_20220724.json,/content/drive/MyDrive/TL_서울_기타_small/6551f6e0d5b8fc2ead489e35_20220724.json,TL_서울_기타_small,398,128,/content/output/smalldata/TL_서울_기타_small/6551f6e0d5b8fc2ead489e35_20220724.npy,768,float32
6551f6e0d5b8fc2ead489e3c_20220724.json,/content/drive/MyDrive/TL_서울_기타_small/6551f6e0d5b8fc2ead489e3c_20220724.json,TL_서울_기타_small,293,113,/content/output/smalldata/TL_서울_기타_small/6551f6e0d5b8fc2ead489e3c_20220724.npy,768,float32
6551f6e0d5b8fc2ead489e3d_20220724.json,/content/drive/MyDrive/TL_서울_기타_small/6551f6e0d5b8fc2ead489e3d_20220724.json,TL_서울_기타_small,198,81,/content/output/smalldata/TL_서울_기타_small/6551f6e0d5b8fc2ead489e3d_20220724.npy,768,float32
6551f6e0d5b8fc2ead489e43_20220724.json,/content/drive/MyDrive/TL_서울_기타_small/6551f6e0d5b8fc2ead489e43_20220724.json,TL_서울_기타_small,592,128,/content/output/smalldata/TL_서울_기타_small/6551f6e0d5b8fc2ead489e43_20220724.npy,768,float32
6551f6e0d5b8fc2ead489e48_20220724.json,/content/drive/MyDrive/TL_서울_기타_small/6551f6e0d5b8fc2ead489e48_20220724.json,TL_서울_기타_small,194,74,/content/output/smalldata/TL_서울_기타_small/6551f6e0d5b8fc2ead489e48_20220724.npy,768,float32
6551f6e0d5b8fc2ead489e4d_20220724.json,/content/drive/MyDrive/TL_서울_기타_small/6551f6e0d5b8fc2ead489e4d_20220724.json,TL_서울_기타_small,329,128,/content/output/smalldata/TL_서울_기타_small/6551f6e0d5b8fc2ead489e4d_20220724.npy,768,float32
6551f6e0d5b8fc2ead489e50_20220724.json,/content/drive/MyDrive/TL_서울_기타_small/6551f6e0d5b8fc2ead489e50_20220724.json,TL_서울_기타_small,166,76,/content/output/smalldata/TL_서울_기타_small/6551f6e0d5b8fc2ead489e50_20220724.npy,768,float32
6551f6e0d5b8fc2ead489e5c_20220724.json,/content/drive/MyDrive/TL_서울_기타_small/6551f6e0d5b8fc2ead489e5c_20220724.json,TL_서울_기타_small,161,67,/content/output/smalldata/TL_서울_기타_small/6551f6e0d5b8fc2ead489e5c_20220724.npy,768,float32
6551f6e0d5b8fc2ead489e6b_20220724.json,/content/drive/MyDrive/TL_서울_기타_small/6551f6e0d5b8fc2ead489e6b_20220724.json,TL_서울_기타_small,313,128,/content/output/smalldata/TL_서울_기타_small/6551f6e0d5b8fc2ead489e6b_20220724.npy,768,float32
6551f6e0d5b8fc2ead489e8b_20220724.json,/content/drive/MyDrive/TL_서울_기타_small/6551f6e0d5b8fc2ead489e8b_20220724.json,TL_서울_기타_small,394,128,/content/output/smalldata/TL_서울_기타_small/6551f6e0d5b8fc2ead489e8b_20220724.npy,768,float32
6551f6e0d5b8fc2ead489ea5_20220724.json,/content/drive/MyDrive/TL_서울_기타_small/6551f6e0d5b8fc2ead489ea5_20220724.json,TL_서울_기타_small,467,128,/content/output/smalldata/TL_서울_기타_small/6551f6e0d5b8fc2ead489ea5_20220724.npy,768,float32
6551f6e0d5b8fc2ead489ec1_20220724.json,/content/drive/MyDrive/TL_서울_기타_small/6551f6e0d5b8fc2ead489ec1_20220724.json,TL_서울_기타_small,313,117,/content/output/smalldata/TL_서울_기타_small/6551f6e0d5b8fc2ead489ec1_20220724.npy,768,float32
6551f6e0d5b8fc2ead489ed3_20220724.json,/content/drive/MyDrive/TL_서울_기타_small/6551f6e0d5b8fc2ead489ed3_20220724.json,TL_서울_기타_small,430,128,/content/output/smalldata/TL_서울_기타_small/6551f6e0d5b8fc2ead489ed3_20220724.npy,768,float32
6551f6e0d5b8fc2ead489ed8_20220724.json,/content/drive/MyDrive/TL_서울_기타_small/6551f6e0d5b8fc2ead489ed8_20220724.json,TL_서울_기타_small,653,128,/content/output/smalldata/TL_서울_기타_small/6551f6e0d5b8fc2ead489ed8_20220724.npy,768,float32
6551f6e0d5b8fc2ead489edc_20220724.json,/content/drive/MyDrive/TL_서울_기타_small/6551f6e0d5b8fc2ead489edc_20220724.json,TL_서울_기타_small,371,128,/content/output/smalldata/TL_서울_기타_small/6551f6e0d5b8fc2ead489edc_20220724.npy,768,float32
6551f6e0d5b8fc2ead489edd_20220724.json,/content/drive/MyDrive/TL_서울_기타_small/6551f6e0d5b8fc2ead489edd_20220724.json,TL_서울_기타_small,362,128,/content/output/smalldata/TL_서울_기타_small/6551f6e0d5b8fc2ead489edd_20220724.npy,768,float32
6551f6e0d5b8fc2ead489efb_20220724.json,/content/drive/MyDrive/TL_서울_기타_small/6551f6e0d5b8fc2ead489efb_20220724.json,TL_서울_기타_small,192,77,/content/output/smalldata/TL_서울_기타_small/6551f6e0d5b8fc2ead489efb_20220724.npy,768,float32
6551f6e0d5b8fc2ead489f08_20220724.json,/content/drive/MyDrive/TL_서울_기타_small/6551f6e0d5b8fc2ead489f08_20220724.json,TL_서울_기타_small,368,128,/content/output/smalldata/TL_서울_기타_small/6551f6e0d5b8fc2ead489f08_20220724.npy,768,float32
6551f6e0d5b8fc2ead489f0c_20220724.json,/content/drive/MyDrive/TL_서울_기타_small/6551f6e0d5b8fc2ead489f0c_20220724.json,TL_서울_기타_small,247,93,/content/output/smalldata/TL_서울_기타_small/6551f6e0d5b8fc2ead489f0c_20220724.npy,768,float32
6551f6e0d5b8fc2ead489f18_20220724.json,/content/drive/MyDrive/TL_서울_기타_small/6551f6e0d5b8fc2ead489f18_20220724.json,TL_서울_기타_small,305,118,/content/output/smalldata/TL_서울_기타_small/6551f6e0d5b8fc2ead489f18_20220724.npy,768,float32
6551f6e0d5b8fc2ead489f21_20220724.json,/content/drive/MyDrive/TL_서울_기타_small/6551f6e0d5b8fc2ead489f21_20220724.json,TL_서울_기타_small,351,128,/content/output/smalldata/TL_서울_기타_small/6551f6e0d5b8fc2ead489f21_20220724.npy,768,float32
6551f6e0d5b8fc2ead489f22_20220724.json,/content/drive/MyDrive/TL_서울_기타_small/6551f6e0d5b8fc2ead489f22_20220724.json,TL_서울_기타_small,525,128,/content/output/smalldata/TL_서울_기타_small/6551f6e0d5b8fc2ead489f22_20220724.npy,768,float32
6551f6e0d5b8fc2ead489f23_20220724.json,/content/drive/MyDrive/TL_서울_기타_small/6551f6e0d5b8fc2ead489f23_20220724.json,TL_서울_기타_small,278,106,/content/output/smalldata/TL_서울_기타_small/6551f6e0d5b8fc2ead489f23_20220724.npy,768,float32
6551f6e0d5b8fc2ead489f27_20220724.json,/content/drive/MyDrive/TL_서울_기타_small/6551f6e0d5b8fc2ead489f27_20220724.json,TL_서울_기타_small,333,128,/content/output/smalldata/TL_서울_기타_small/6551f6e0d5b8fc2ead489f27_20220724.npy,768,float32
6551f6e0d5b8fc2ead489f31_20220724.json,/content/drive/MyDrive/TL_서울_기타_small/6551f6e0d5b8fc2ead489f31_20220724.json,TL_서울_기타_small,536,128,/content/output/smalldata/TL_서울_기타_small/6551f6e0d5b8fc2ead489f31_20220724.npy,768,float32
6551f6e0d5b8fc2ead489f3e_20220724.json,/content/drive/MyDrive/TL_서울_기타_small/6551f6e0d5b8fc2ead489f3e_20220724.json,TL_서울_기타_small,324,126,/content/output/smalldata/TL_서울_기타_small/6551f6e0d5b8fc2ead489f3e_20220724.npy,768,float32
6551f6e0d5b8fc2ead489f41_20220724.json,/content/drive/MyDrive/TL_서울_기타_small/6551f6e0d5b8fc2ead489f41_20220724.json,TL_서울_기타_small,308,114,/content/output/smalldata/TL_서울_기타_small/6551f6e0d5b8fc2ead489f41_20220724.npy,768,float32
6551f6e0d5b8fc2ead489f45_20220724.json,/content/drive/MyDrive/TL_서울_기타_small/6551f6e0d5b8fc2ead489f45_20220724.json,TL_서울_기타_small,572,128,/content/output/smalldata/TL_서울_기타_small/6551f6e0d5b8fc2ead489f45_20220724.npy,768,float32
6551f6e0d5b8fc2ead489f4b_20220724.json,/content/drive/MyDrive/TL_서울_기타_small/6551f6e0d5b8fc2ead489f4b_20220724.json,TL_서울_기타_small,337,124,/content/output/smalldata/TL_서울_기타_small/6551f6e0d5b8fc2ead489f4b_20220724.npy,768,float32
6551f6e0d5b8fc2ead489f68_20220724.json,/content/drive/MyDrive/TL_서울_기타_small/6551f6e0d5b8fc2ead489f68_20220724.json,TL_서울_기타_small,594,128,/content/output/smalldata/TL_서울_기타_small/6551f6e0d5b8fc2ead489f68_20220724.npy,768,float32
6551f6e9e16ce4672fe00cb9_20220725.json,/content/drive/MyDrive/TL_서울_기타_small/6551f6e9e16ce4672fe00cb9_20220725.json,TL_서울_기타_small,531,128,/content/output/smalldata/TL_서울_기타_small/6551f6e9e16ce4672fe00cb9_20220725.npy,768,float32
6551f6e9e16ce4672fe00cc4_20220725.json,/content/drive/MyDrive/TL_서울_기타_small/6551f6e9e16ce4672fe00cc4_20220725.json,TL_서울_기타_small,356,128,/content/output/smalldata/TL_서울_기타_small/6551f6e9e16ce4672fe00cc4_20220725.npy,768,float32
6551f6e9e16ce4672fe00cc5_20220725.json,/content/drive/MyDrive/TL_서울_기타_small/6551f6e9e16ce4672fe00cc5_20220725.json,TL_서울_기타_small,259,99,/content/output/smalldata/TL_서울_기타_small/6551f6e9e16ce4672fe00cc5_20220725.npy,768,float32
6551f6e9e16ce4672fe00cfe_20220725.json,/content/drive/MyDrive/TL_서울_기타_small/6551f6e9e16ce4672fe00cfe_20220725.json,TL_서울_기타_small,975,128,/content/output/smalldata/TL_서울_기타_small/6551f6e9e16ce4672fe00cfe_20220725.npy,768,float32
6551f6e9e16ce4672fe00d04_20220725.json,/content/drive/MyDrive/TL_서울_기타_small/6551f6e9e16ce4672fe00d04_20220725.json,TL_서울_기타_small,419,128,/content/output/smalldata/TL_서울_기타_small/6551f6e9e16ce4672fe00d04_20220725.npy,768,float32
6551f6e9e16ce4672fe00d2f_20220725.json,/content/drive/MyDrive/TL_서울_기타_small/6551f6e9e16ce4672fe00d2f_20220725.json,TL_서울_기타_small,489,128,/content/output/smalldata/TL_서울_기타_small/6551f6e9e16ce4672fe00d2f_20220725.npy,768,float32
6551f6e9e16ce4672fe00d3f_20220725.json,/content/drive/MyDrive/TL_서울_기타_small/6551f6e9e16ce4672fe00d3f_20220725.json,TL_서울_기타_small,371,128,/content/output/smalldata/TL_서울_기타_small/6551f6e9e16ce4672fe00d3f_20220725.npy,768,float32
6551f6e9e16ce4672fe00d5f_20220725.json,/content/drive/MyDrive/TL_서울_기타_small/6551f6e9e16ce4672fe00d5f_20220725.json,TL_서울_기타_small,414,128,/content/output/smalldata/TL_서울_기타_small/6551f6e9e16ce4672fe00d5f_20220725.npy,768,float32
6551f6e9e16ce4672fe00d60_20220725.json,/content/drive/MyDrive/TL_서울_기타_small/6551f6e9e16ce4672fe00d60_20220725.json,TL_서울_기타_small,830,128,/content/output/smalldata/TL_서울_기타_small/6551f6e9e16ce4672fe00d60_20220725.npy,768,float32
6551f6e9e16ce4672fe00d63_20220725.json,/content/drive/MyDrive/TL_서울_기타_small/6551f6e9e16ce4672fe00d63_20220725.json,TL_서울_기타_small,479,128,/content/output/smalldata/TL_서울_기타_small/6551f6e9e16ce4672fe00d63_20220725.npy,768,float32
6551f6e9e16ce4672fe00d6b_20220725.json,/content/drive/MyDrive/TL_서울_기타_small/6551f6e9e16ce4672fe00d6b_20220725.json,TL_서울_기타_small,357,128,/content/output/smalldata/TL_서울_기타_small/6551f6e9e16ce4672fe00d6b_20220725.npy,768,float32
6551f6e9e16ce4672fe00d6d_20220725.json,/content/drive/MyDrive/TL_서울_기타_small/6551f6e9e16ce4672fe00d6d_20220725.json,TL_서울_기타_small,523,128,/content/output/smalldata/TL_서울_기타_small/6551f6e9e16ce4672fe00d6d_20220725.npy,768,float32
6551f6e9e16ce4672fe00d91_20220725.json,/content/drive/MyDrive/TL_서울_기타_small/6551f6e9e16ce4672fe00d91_20220725.json,TL_서울_기타_small,395,128,/content/output/smalldata/TL_서울_기타_small/6551f6e9e16ce4672fe00d91_20220725.npy,768,float32
6551f6e9e16ce4672fe00db8_20220725.json,/content/drive/MyDrive/TL_서울_기타_small/6551f6e9e16ce4672fe00db8_20220725.json,TL_서울_기타_small,228,95,/content/output/smalldata/TL_서울_기타_small/6551f6e9e16ce4672fe00db8_20220725.npy,768,float32
6551f6e9e16ce4672fe00dbd_20220725.json,/content/drive/MyDrive/TL_서울_기타_small/6551f6e9e16ce4672fe00dbd_20220725.json,TL_서울_기타_small,329,128,/content/output/smalldata/TL_서울_기타_small/6551f6e9e16ce4672fe00dbd_20220725.npy,768,float32
6551f6e9e16ce4672fe00dc6_20220725.json,/content/drive/MyDrive/TL_서울_기타_small/6551f6e9e16ce4672fe00dc6_20220725.json,TL_서울_기타_small,246,99,/content/output/smalldata/TL_서울_기타_small/6551f6e9e16ce4672fe00dc6_20220725.npy,768,float32
6551f6e9e16ce4672fe00dd0_20220725.json,/content/drive/MyDrive/TL_서울_기타_small/6551f6e9e16ce4672fe00dd0_20220725.json,TL_서울_기타_small,285,108,/content/output/smalldata/TL_서울_기타_small/6551f6e9e16ce4672fe00dd0_20220725.npy,768,float32
6551f6e9e16ce4672fe00dd6_20220725.json,/content/drive/MyDrive/TL_서울_기타_small/6551f6e9e16ce4672fe00dd6_20220725.json,TL_서울_기타_small,469,128,/content/output/smalldata/TL_서울_기타_small/6551f6e9e16ce4672fe00dd6_20220725.npy,768,float32
6551f6e9e16ce4672fe00dd8_20220725.json,/content/drive/MyDrive/TL_서울_기타_small/6551f6e9e16ce4672fe00dd8_20220725.json,TL_서울_기타_small,354,128,/content/output/smalldata/TL_서울_기타_small/6551f6e9e16ce4672fe00dd8_20220725.npy,768,float32
6551f6e9e16ce4672fe00ddb_20220725.json,/content/drive/MyDrive/TL_서울_기타_small/6551f6e9e16ce4672fe00ddb_20220725.json,TL_서울_기타_small,297,117,/content/output/smalldata/TL_서울_기타_small/6551f6e9e16ce4672fe00ddb_20220725.npy,768,float32
6551f6e9e16ce4672fe00dde_20220725.json,/content/drive/MyDrive/TL_서울_기타_small/6551f6e9e16ce4672fe00dde_20220725.json,TL_서울_기타_small,497,128,/content/output/smalldata/TL_서울_기타_small/6551f6e9e16ce4672fe00dde_20220725.npy,768,float32
6551f6e9e16ce4672fe00de3_20220725.json,/content/drive/MyDrive/TL_서울_기타_small/6551f6e9e16ce4672fe00de3_20220725.json,TL_서울_기타_small,598,128,/content/output/smalldata/TL_서울_기타_small/6551f6e9e16ce4672fe00de3_20220725.npy,768,float32
6551f6e9e16ce4672fe00df4_20220725.json,/content/drive/MyDrive/TL_서울_기타_small/6551f6e9e16ce4672fe00df4_20220725.json,TL_서울_기타_small,162,64,/content/output/smalldata/TL_서울_기타_small/6551f6e9e16ce4672fe00df4_20220725.npy,768,float32
6551f6e9e16ce4672fe00dff_20220725.json,/content/drive/MyDrive/TL_서울_기타_small/6551f6e9e16ce4672fe00dff_20220725.json,TL_서울_기타_small,189,75,/content/output/smalldata/TL_서울_기타_small/6551f6e9e16ce4672fe00dff_20220725.npy,768,float32
6551f6e9e16ce4672fe00e42_20220725.json,/content/drive/MyDrive/TL_서울_기타_small/6551f6e9e16ce4672fe00e42_20220725.json,TL_서울_기타_small,812,128,/content/output/smalldata/TL_서울_기타_small/6551f6e9e16ce4672fe00e42_20220725.npy,768,float32
6551f6e9e16ce4672fe00e4d_20220725.json,/content/drive/MyDrive/TL_서울_기타_small/6551f6e9e16ce4672fe00e4d_20220725.json,TL_서울_기타_small,265,109,/content/output/smalldata/TL_서울_기타_small/6551f6e9e16ce4672fe00e4d_20220725.npy,768,float32
6551f6e9e16ce4672fe00e50_20220725.json,/content/drive/MyDrive/TL_서울_기타_small/6551f6e9e16ce4672fe00e50_20220725.json,TL_서울_기타_small,437,128,/content/output/smalldata/TL_서울_기타_small/6551f6e9e16ce4672fe00e50_20220725.npy,768,float32
6551f6f19719687e179ed474_20220727.json,/content/drive/MyDrive/TL_서울_기타_small/6551f6f19719687e179ed474_20220727.json,TL_서울_기타_small,202,79,/content/output/smalldata/TL_서울_기타_small/6551f6f19719687e179ed474_20220727.npy,768,float32
6551f6f19719687e179ed476_20220727.json,/content/drive/MyDrive/TL_서울_기타_small/6551f6f19719687e179ed476_20220727.json,TL_서울_기타_small,733,128,/content/output/smalldata/TL_서울_기타_small/6551f6f19719687e179ed476_20220727.npy,768,float32
6551f6f19719687e179ed483_20220727.json,/content/drive/MyDrive/TL_서울_기타_small/6551f6f19719687e179ed483_20220727.json,TL_서울_기타_small,325,128,/content/output/smalldata/TL_서울_기타_small/6551f6f19719687e179ed483_20220727.npy,768,float32
6551f6f19719687e179ed4a3_20220727.json,/content/drive/MyDrive/TL_서울_기타_small/6551f6f19719687e179ed4a3_20220727.json,TL_서울_기타_small,905,128,/content/output/smalldata/TL_서울_기타_small/6551f6f19719687e179ed4a3_20220727.npy,768,float32
6551f6f19719687e179ed4d1_20220727.json,/content/drive/MyDrive/TL_서울_기타_small/6551f6f19719687e179ed4d1_20220727.json,TL_서울_기타_small,268,107,/content/output/smalldata/TL_서울_기타_small/6551f6f19719687e179ed4d1_20220727.npy,768,float32
6551f6f19719687e179ed4e1_20220727.json,/content/drive/MyDrive/TL_서울_기타_small/6551f6f19719687e179ed4e1_20220727.json,TL_서울_기타_small,1471,128,/content/output/smalldata/TL_서울_기타_small/6551f6f19719687e179ed4e1_20220727.npy,768,float32
6551f6f19719687e179ed4f3_20220727.json,/content/drive/MyDrive/TL_서울_기타_small/6551f6f19719687e179ed4f3_20220727.json,TL_서울_기타_small,652,128,/content/output/smalldata/TL_서울_기타_small/6551f6f19719687e179ed4f3_20220727.npy,768,float32
6551f6f19719687e179ed509_20220727.json,/content/drive/MyDrive/TL_서울_기타_small/6551f6f19719687e179ed509_20220727.json,TL_서울_기타_small,474,128,/content/output/smalldata/TL_서울_기타_small/6551f6f19719687e179ed509_20220727.npy,768,float32
6551f6f19719687e179ed50d_20220727.json,/content/drive/MyDrive/TL_서울_기타_small/6551f6f19719687e179ed50d_20220727.json,TL_서울_기타_small,272,107,/content/output/smalldata/TL_서울_기타_small/6551f6f19719687e179ed50d_20220727.npy,768,float32
6551f6f19719687e179ed521_20220727.json,/content/drive/MyDrive/TL_서울_기타_small/6551f6f19719687e179ed521_20220727.json,TL_서울_기타_small,688,128,/content/output/smalldata/TL_서울_기타_small/6551f6f19719687e179ed521_20220727.npy,768,float32
6551f6f19719687e179ed541_20220727.json,/content/drive/MyDrive/TL_서울_기타_small/6551f6f19719687e179ed541_20220727.json,TL_서울_기타_small,341,122,/content/output/smalldata/TL_서울_기타_small/6551f6f19719687e179ed541_20220727.npy,768,float32
6551f6f19719687e179ed557_20220727.json,/content/drive/MyDrive/TL_서울_기타_small/6551f6f19719687e179ed557_20220727.json,TL_서울_기타_small,508,128,/content/output/smalldata/TL_서울_기타_small/6551f6f19719687e179ed557_20220727.npy,768,float32
6551f6f19719687e179ed559_20220727.json,/content/drive/MyDrive/TL_서울_기타_small/6551f6f19719687e179ed559_20220727.json,TL_서울_기타_small,861,128,/content/output/smalldata/TL_서울_기타_small/6551f6f19719687e179ed559_20220727.npy,768,float32
6551f6f19719687e179ed598_20220727.json,/content/drive/MyDrive/TL_서울_기타_small/6551f6f19719687e179ed598_20220727.json,TL_서울_기타_small,703,128,/content/output/smalldata/TL_서울_기타_small/6551f6f19719687e179ed598_20220727.npy,768,float32
6551f6f19719687e179ed59b_20220727.json,/content/drive/MyDrive/TL_서울_기타_small/6551f6f19719687e179ed59b_20220727.json,TL_서울_기타_small,336,127,/content/output/smalldata/TL_서울_기타_small/6551f6f19719687e179ed59b_20220727.npy,768,float32
6551f6f19719687e179ed5ba_20220727.json,/content/drive/MyDrive/TL_서울_기타_small/6551f6f19719687e179ed5ba_20220727.json,TL_서울_기타_small,271,121,/content/output/smalldata/TL_서울_기타_small/6551f6f19719687e179ed5ba_20220727.npy,768,float32
6551f6f19719687e179ed5c0_20220727.json,/content/drive/MyDrive/TL_서울_기타_small/6551f6f19719687e179ed5c0_20220727.json,TL_서울_기타_small,204,78,/content/output/smalldata/TL_서울_기타_small/6551f6f19719687e179ed5c0_20220727.npy,768,float32
6551f6fa3a03a5481000f37a_20220729.json,/content/drive/MyDrive/TL_서울_기타_small/6551f6fa3a03a5481000f37a_20220729.json,TL_서울_기타_small,418,128,/content/output/smalldata/TL_서울_기타_small/6551f6fa3a03a5481000f37a_20220729.npy,768,float32
6551f6fa3a03a5481000f382_20220729.json,/content/drive/MyDrive/TL_서울_기타_small/6551f6fa3a03a5481000f382_20220729.json,TL_서울_기타_small,421,128,/content/output/smalldata/TL_서울_기타_small/6551f6fa3a03a5481000f382_20220729.npy,768,float32
6551f6fa3a03a5481000f389_20220729.json,/content/drive/MyDrive/TL_서울_기타_small/6551f6fa3a03a5481000f389_20220729.json,TL_서울_기타_small,202,83,/content/output/smalldata/TL_서울_기타_small/6551f6fa3a03a5481000f389_20220729.npy,768,float32
6551f6fa3a03a5481000f393_20220729.json,/content/drive/MyDrive/TL_서울_기타_small/6551f6fa3a03a5481000f393_20220729.json,TL_서울_기타_small,219,97,/content/output/smalldata/TL_서울_기타_small/6551f6fa3a03a5481000f393_20220729.npy,768,float32
6551f6fa3a03a5481000f3a3_20220729.json,/content/drive/MyDrive/TL_서울_기타_small/6551f6fa3a03a5481000f3a3_20220729.json,TL_서울_기타_small,697,128,/content/output/smalldata/TL_서울_기타_small/6551f6fa3a03a5481000f3a3_20220729.npy,768,float32
6551f6fa3a03a5481000f3b1_20220729.json,/content/drive/MyDrive/TL_서울_기타_small/6551f6fa3a03a5481000f3b1_20220729.json,TL_서울_기타_small,244,95,/content/output/smalldata/TL_서울_기타_small/6551f6fa3a03a5481000f3b1_20220729.npy,768,float32
6551f6fa3a03a5481000f3b2_20220729.json,/content/drive/MyDrive/TL_서울_기타_small/6551f6fa3a03a5481000f3b2_20220729.json,TL_서울_기타_small,288,111,/content/output/smalldata/TL_서울_기타_small/6551f6fa3a03a5481000f3b2_20220729.npy,768,float32
6551f6fa3a03a5481000f3b7_20220729.json,/content/drive/MyDrive/TL_서울_기타_small/6551f6fa3a03a5481000f3b7_20220729.json,TL_서울_기타_small,374,128,/content/output/smalldata/TL_서울_기타_small/6551f6fa3a03a5481000f3b7_20220729.npy,768,float32
6551f6fa3a03a5481000f3f5_20220729.json,/content/drive/MyDrive/TL_서울_기타_small/6551f6fa3a03a5481000f3f5_20220729.json,TL_서울_기타_small,413,128,/content/output/smalldata/TL_서울_기타_small/6551f6fa3a03a5481000f3f5_20220729.npy,768,float32
6551f6fa3a03a5481000f3fa_20220729.json,/content/drive/MyDrive/TL_서울_기타_small/6551f6fa3a03a5481000f3fa_20220729.json,TL_서울_기타_small,585,128,/content/output/smalldata/TL_서울_기타_small/6551f6fa3a03a5481000f3fa_20220729.npy,768,float32
6551f6fa3a03a5481000f424_20220729.json,/content/drive/MyDrive/TL_서울_기타_small/6551f6fa3a03a5481000f424_20220729.json,TL_서울_기타_small,382,128,/content/output/smalldata/TL_서울_기타_small/6551f6fa3a03a5481000f424_20220729.npy,768,float32
6551f6fa3a03a5481000f42b_20220729.json,/content/drive/MyDrive/TL_서울_기타_small/6551f6fa3a03a5481000f42b_20220729.json,TL_서울_기타_small,394,128,/content/output/smalldata/TL_서울_기타_small/6551f6fa3a03a5481000f42b_20220729.npy,768,float32
6551f6fa3a03a5481000f43e_20220729.json,/content/drive/MyDrive/TL_서울_기타_small/6551f6fa3a03a5481000f43e_20220729.json,TL_서울_기타_small,346,128,/content/output/smalldata/TL_서울_기타_small/6551f6fa3a03a5481000f43e_20220729.npy,768,float32
6551f6fa3a03a5481000f468_20220729.json,/content/drive/MyDrive/TL_서울_기타_small/6551f6fa3a03a5481000f468_20220729.json,TL_서울_기타_small,340,128,/content/output/smalldata/TL_서울_기타_small/6551f6fa3a03a5481000f468_20220729.npy,768,float32
6551f6fa3a03a5481000f47c_20220729.json,/content/drive/MyDrive/TL_서울_기타_small/6551f6fa3a03a5481000f47c_20220729.json,TL_서울_기타_small,284,114,/content/output/smalldata/TL_서울_기타_small/6551f6fa3a03a5481000f47c_20220729.npy,768,float32
6551f6fa3a03a5481000f47e_20220729.json,/content/drive/MyDrive/TL_서울_기타_small/6551f6fa3a03a5481000f47e_20220729.json,TL_서울_기타_small,610,128,/content/output/smalldata/TL_서울_기타_small/6551f6fa3a03a5481000f47e_20220729.npy,768,float32
6551f6fa3a03a5481000f481_20220729.json,/content/drive/MyDrive/TL_서울_기타_small/6551f6fa3a03a5481000f481_20220729.json,TL_서울_기타_small,214,83,/content/output/smalldata/TL_서울_기타_small/6551f6fa3a03a5481000f481_20220729.npy,768,float32
6551f6fa3a03a5481000f482_20220729.json,/content/drive/MyDrive/TL_서울_기타_small/6551f6fa3a03a5481000f482_20220729.json,TL_서울_기타_small,498,128,/content/output/smalldata/TL_서울_기타_small/6551f6fa3a03a5481000f482_20220729.npy,768,float32
6551f6fa3a03a5481000f49d_20220729.json,/content/drive/MyDrive/TL_서울_기타_small/6551f6fa3a03a5481000f49d_20220729.json,TL_서울_기타_small,395,128,/content/output/smalldata/TL_서울_기타_small/6551f6fa3a03a5481000f49d_20220729.npy,768,float32
6551f6fa3a03a5481000f49e_20220729.json,/content/drive/MyDrive/TL_서울_기타_small/6551f6fa3a03a5481000f49e_20220729.json,TL_서울_기타_small,233,86,/content/output/smalldata/TL_서울_기타_small/6551f6fa3a03a5481000f49e_20220729.npy,768,float32
6551f6fa3a03a5481000f4c0_20220729.json,/content/drive/MyDrive/TL_서울_기타_small/6551f6fa3a03a5481000f4c0_20220729.json,TL_서울_기타_small,235,95,/content/output/smalldata/TL_서울_기타_small/6551f6fa3a03a5481000f4c0_20220729.npy,768,float32
6551f6fa3a03a5481000f4dc_20220729.json,/content/drive/MyDrive/TL_서울_기타_small/6551f6fa3a03a5481000f4dc_20220729.json,TL_서울_기타_small,326,128,/content/output/smalldata/TL_서울_기타_small/6551f6fa3a03a5481000f4dc_20220729.npy,768,float32
6551f6fa3a03a5481000f4e2_20220729.json,/content/drive/MyDrive/TL_서울_기타_small/6551f6fa3a03a5481000f4e2_20220729.json,TL_서울_기타_small,599,128,/content/output/smalldata/TL_서울_기타_small/6551f6fa3a03a5481000f4e2_20220729.npy,768,float32
6551f6fa3a03a5481000f500_20220729.json,/content/drive/MyDrive/TL_서울_기타_small/6551f6fa3a03a5481000f500_20220729.json,TL_서울_기타_small,938,128,/content/output/smalldata/TL_서울_기타_small/6551f6fa3a03a5481000f500_20220729.npy,768,float32
6551f6fa3a03a5481000f506_20220729.json,/content/drive/MyDrive/TL_서울_기타_small/6551f6fa3a03a5481000f506_20220729.json,TL_서울_기타_small,297,128,/content/output/smalldata/TL_서울_기타_small/6551f6fa3a03a5481000f506_20220729.npy,768,float32
6551f702c68de8405b017a76_20220730.json,/content/drive/MyDrive/TL_서울_기타_small/6551f702c68de8405b017a76_20220730.json,TL_서울_기타_small,310,123,/content/output/smalldata/TL_서울_기타_small/6551f702c68de8405b017a76_20220730.npy,768,float32
6551f702c68de8405b017a8e_20220730.json,/content/drive/MyDrive/TL_서울_기타_small/6551f702c68de8405b017a8e_20220730.json,TL_서울_기타_small,211,98,/content/output/smalldata/TL_서울_기타_small/6551f702c68de8405b017a8e_20220730.npy,768,float32
6551f702c68de8405b017acb_20220730.json,/content/drive/MyDrive/TL_서울_기타_small/6551f702c68de8405b017acb_20220730.json,TL_서울_기타_small,310,128,/content/output/smalldata/TL_서울_기타_small/6551f702c68de8405b017acb_20220730.npy,768,float32
6551f702c68de8405b017ad6_20220730.json,/content/drive/MyDrive/TL_서울_기타_small/6551f702c68de8405b017ad6_20220730.json,TL_서울_기타_small,518,128,/content/output/smalldata/TL_서울_기타_small/6551f702c68de8405b017ad6_20220730.npy,768,float32
6551f702c68de8405b017ae9_20220730.json,/content/drive/MyDrive/TL_서울_기타_small/6551f702c68de8405b017ae9_20220730.json,TL_서울_기타_small,548,128,/content/output/smalldata/TL_서울_기타_small/6551f702c68de8405b017ae9_20220730.npy,768,float32
6551f702c68de8405b017b05_20220730.json,/content/drive/MyDrive/TL_서울_기타_small/6551f702c68de8405b017b05_20220730.json,TL_서울_기타_small,616,128,/content/output/smalldata/TL_서울_기타_small/6551f702c68de8405b017b05_20220730.npy,768,float32
6551f702c68de8405b017b09_20220730.json,/content/drive/MyDrive/TL_서울_기타_small/6551f702c68de8405b017b09_20220730.json,TL_서울_기타_small,370,128,/content/output/smalldata/TL_서울_기타_small/6551f702c68de8405b017b09_20220730.npy,768,float32
6551f702c68de8405b017b23_20220730.json,/content/drive/MyDrive/TL_서울_기타_small/6551f702c68de8405b017b23_20220730.json,TL_서울_기타_small,290,115,/content/output/smalldata/TL_서울_기타_small/6551f702c68de8405b017b23_20220730.npy,768,float32
6551f702c68de8405b017b2c_20220730.json,/content/drive/MyDrive/TL_서울_기타_small/6551f702c68de8405b017b2c_20220730.json,TL_서울_기타_small,387,128,/content/output/smalldata/TL_서울_기타_small/6551f702c68de8405b017b2c_20220730.npy,768,float32
6551f702c68de8405b017b45_20220730.json,/content/drive/MyDrive/TL_서울_기타_small/6551f702c68de8405b017b45_20220730.json,TL_서울_기타_small,815,128,/content/output/smalldata/TL_서울_기타_small/6551f702c68de8405b017b45_20220730.npy,768,float32
6551f702c68de8405b017b63_20220730.json,/content/drive/MyDrive/TL_서울_기타_small/6551f702c68de8405b017b63_20220730.json,TL_서울_기타_small,349,128,/content/output/smalldata/TL_서울_기타_small/6551f702c68de8405b017b63_20220730.npy,768,float32
6551f702c68de8405b017b82_20220730.json,/content/drive/MyDrive/TL_서울_기타_small/6551f702c68de8405b017b82_20220730.json,TL_서울_기타_small,271,114,/content/output/smalldata/TL_서울_기타_small/6551f702c68de8405b017b82_20220730.npy,768,float32
6551f702c68de8405b017b8a_20220730.json,/content/drive/MyDrive/TL_서울_기타_small/6551f702c68de8405b017b8a_20220730.json,TL_서울_기타_small,318,125,/content/output/smalldata/TL_서울_기타_small/6551f702c68de8405b017b8a_20220730.npy,768,float32
6551f702c68de8405b017b95_20220730.json,/content/drive/MyDrive/TL_서울_기타_small/6551f702c68de8405b017b95_20220730.json,TL_서울_기타_small,382,128,/content/output/smalldata/TL_서울_기타_small/6551f702c68de8405b017b95_20220730.npy,768,float32
6551f702c68de8405b017bb5_20220730.json,/content/drive/MyDrive/TL_서울_기타_small/6551f702c68de8405b017bb5_20220730.json,TL_서울_기타_small,309,128,/content/output/smalldata/TL_서울_기타_small/6551f702c68de8405b017bb5_20220730.npy,768,float32
